{"cameraMode":{"drawMode":0,"name":"Shaded","section":"Shading Mode"},"sceneLighting":true,"audioPlay":false,"sceneViewState":{"showFog":true,"showMaterialUpdate":false,"showSkybox":true,"showFlares":true,"showImageEffects":true,"showParticleSystems":true},"in2DMode":false,"pivot":{"x":0.013288497924804688,"y":6.975200653076172,"z":9.825932502746582},"rotation":{"x":0.221501424908638,"y":-0.2679847776889801,"z":0.06345400959253311,"w":0.9354659914970398},"size":24.4018497467041,"orthographic":false}