{"cameraMode":{"drawMode":0,"name":"Shaded","section":"Shading Mode"},"sceneLighting":false,"audioPlay":false,"sceneViewState":{"showFog":true,"showMaterialUpdate":false,"showSkybox":false,"showFlares":true,"showImageEffects":true,"showParticleSystems":true},"in2DMode":false,"pivot":{"x":188.7677459716797,"y":141.75082397460938,"z":253.108154296875},"rotation":{"x":-0.09891562163829804,"y":0.6819955110549927,"z":-0.09389521181583405,"w":-0.7185373306274414},"size":9.976454734802246,"orthographic":false}