{"cameraMode":{"drawMode":0,"name":"Shaded","section":"Shading Mode"},"sceneLighting":false,"audioPlay":false,"sceneViewState":{"showFog":true,"showMaterialUpdate":false,"showSkybox":false,"showFlares":true,"showImageEffects":true,"showParticleSystems":true},"in2DMode":false,"pivot":{"x":168.64352416992188,"y":147.56207275390626,"z":229.80987548828126},"rotation":{"x":0.05865248292684555,"y":0.7288123369216919,"z":-0.06290428340435028,"w":0.6793463826179504},"size":26.68381118774414,"orthographic":false}