{"cameraMode":{"drawMode":0,"name":"Shaded","section":"Shading Mode"},"sceneLighting":false,"audioPlay":false,"sceneViewState":{"showFog":true,"showMaterialUpdate":false,"showSkybox":false,"showFlares":true,"showImageEffects":true,"showParticleSystems":true},"in2DMode":false,"pivot":{"x":14.171795845031739,"y":5.296915054321289,"z":1.6283304691314698},"rotation":{"x":0.06903443485498429,"y":0.7331414222717285,"z":-0.07526865601539612,"w":0.6723902821540833},"size":8.381948471069336,"orthographic":false}